target,difficulty,confidence,displacement,rec_residues,lig_residues,tm_score_complex,tm_score_ligand,output_pdb,error
1A2K,rigid,0.9897,0.0946,244,195,0.9924,0.9699,../predicted_complex/rigid_targets/1A2K/1A2K_predicted.pdb,
1AHW,rigid,0.9897,0.0783,428,199,0.9926,0.9429,../predicted_complex/rigid_targets/1AHW/1AHW_predicted.pdb,
1AK4,rigid,0.9897,0.0391,164,145,0.9828,0.9381,../predicted_complex/rigid_targets/1AK4/1AK4_predicted.pdb,
1AKJ,rigid,0.9897,0.0225,373,228,0.9957,0.977,../predicted_complex/rigid_targets/1AKJ/1AKJ_predicted.pdb,
1AVX,rigid,0.9897,0.0667,221,168,0.9975,0.9878,../predicted_complex/rigid_targets/1AVX/1AVX_predicted.pdb,
1AY7,rigid,0.9897,0.0155,96,88,0.9934,0.9705,../predicted_complex/rigid_targets/1AY7/1AY7_predicted.pdb,
1AZS,rigid,0.9897,0.0378,349,334,0.9982,0.9934,../predicted_complex/rigid_targets/1AZS/1AZS_predicted.pdb,
1BUH,rigid,0.9897,0.0378,285,70,0.9958,0.9104,../predicted_complex/rigid_targets/1BUH/1BUH_predicted.pdb,
1BVN,rigid,0.9897,0.0491,493,71,0.9996,0.9782,../predicted_complex/rigid_targets/1BVN/1BVN_predicted.pdb,
1CLV,rigid,0.9897,0.0482,470,32,0.9992,0.7612,../predicted_complex/rigid_targets/1CLV/1CLV_predicted.pdb,
1D6R,rigid,0.9897,0.1563,223,58,0.9948,0.8877,../predicted_complex/rigid_targets/1D6R/1D6R_predicted.pdb,
1DFJ,rigid,0.9897,0.0197,124,456,0.9768,0.9645,../predicted_complex/rigid_targets/1DFJ/1DFJ_predicted.pdb,
1DQJ,rigid,0.9897,0.0678,424,129,0.9977,0.9666,../predicted_complex/rigid_targets/1DQJ/1DQJ_predicted.pdb,
1E6E,rigid,0.9897,0.0641,455,107,0.9971,0.9558,../predicted_complex/rigid_targets/1E6E/1E6E_predicted.pdb,
1E6J,rigid,0.9897,0.0387,429,71,0.9947,0.8329,../predicted_complex/rigid_targets/1E6J/1E6J_predicted.pdb,
1E96,rigid,0.9897,0.0427,176,184,0.9959,0.9855,../predicted_complex/rigid_targets/1E96/1E96_predicted.pdb,
1EAW,rigid,0.9897,0.0352,241,56,0.9988,0.9607,../predicted_complex/rigid_targets/1EAW/1EAW_predicted.pdb,
1EFN,rigid,0.9897,0.0503,99,55,0.9933,0.9421,../predicted_complex/rigid_targets/1EFN/1EFN_predicted.pdb,
1EWY,rigid,0.9897,0.0205,294,98,0.997,0.9585,../predicted_complex/rigid_targets/1EWY/1EWY_predicted.pdb,
1EXB,rigid,0.9897,0.0224,1300,360,0.9167,0.5348,../predicted_complex/rigid_targets/1EXB/1EXB_predicted.pdb,
1EZU,rigid,0.9897,0.04,222,280,0.9613,0.8942,../predicted_complex/rigid_targets/1EZU/1EZU_predicted.pdb,
1F34,rigid,0.9897,0.0328,324,127,0.9928,0.9331,../predicted_complex/rigid_targets/1F34/1F34_predicted.pdb,
1F51,rigid,0.9897,0.0384,343,119,0.9974,0.9672,../predicted_complex/rigid_targets/1F51/1F51_predicted.pdb,
1FCC,rigid,0.9897,0.0291,412,56,0.9979,0.8702,../predicted_complex/rigid_targets/1FCC/1FCC_predicted.pdb,
1FFW,rigid,0.9897,0.0469,128,67,0.9659,0.7531,../predicted_complex/rigid_targets/1FFW/1FFW_predicted.pdb,
1FLE,rigid,0.9897,0.0257,240,47,0.9788,0.5537,../predicted_complex/rigid_targets/1FLE/1FLE_predicted.pdb,
1FQJ,rigid,0.9897,0.0661,315,128,0.996,0.9581,../predicted_complex/rigid_targets/1FQJ/1FQJ_predicted.pdb,
1GCQ,rigid,0.9897,0.0256,57,66,0.9799,0.9381,../predicted_complex/rigid_targets/1GCQ/1GCQ_predicted.pdb,
1GHQ,rigid,0.9897,0.0796,294,128,0.9964,0.9677,../predicted_complex/rigid_targets/1GHQ/1GHQ_predicted.pdb,
1GL1,rigid,0.9897,0.054,236,34,0.9885,0.5409,../predicted_complex/rigid_targets/1GL1/1GL1_predicted.pdb,
1GLA,rigid,0.9897,0.0247,488,150,0.9995,0.9924,../predicted_complex/rigid_targets/1GLA/1GLA_predicted.pdb,
1GPW,rigid,0.9897,0.0332,251,200,0.9972,0.9875,../predicted_complex/rigid_targets/1GPW/1GPW_predicted.pdb,
1GXD,rigid,0.9897,0.0722,619,182,0.9916,0.8981,../predicted_complex/rigid_targets/1GXD/1GXD_predicted.pdb,
1H9D,rigid,0.9897,0.1316,114,123,0.9677,0.8943,../predicted_complex/rigid_targets/1H9D/1H9D_predicted.pdb,
1HCF,rigid,0.9897,0.0444,207,84,0.9975,0.9731,../predicted_complex/rigid_targets/1HCF/1HCF_predicted.pdb,
1HE1,rigid,0.9897,0.0171,125,175,0.9926,0.9796,../predicted_complex/rigid_targets/1HE1/1HE1_predicted.pdb,
1HIA,rigid,0.9897,0.0161,230,48,0.9841,0.6057,../predicted_complex/rigid_targets/1HIA/1HIA_predicted.pdb,
1I4D,rigid,0.9897,0.0557,371,176,0.9934,0.9563,../predicted_complex/rigid_targets/1I4D/1I4D_predicted.pdb,
1J2J,rigid,0.9897,0.0404,165,38,0.9925,0.7727,../predicted_complex/rigid_targets/1J2J/1J2J_predicted.pdb,
1JPS,rigid,0.9897,0.0306,425,182,0.9957,0.9625,../predicted_complex/rigid_targets/1JPS/1JPS_predicted.pdb,
1JTD,rigid,0.9897,0.0316,268,261,0.9973,0.99,../predicted_complex/rigid_targets/1JTD/1JTD_predicted.pdb,
1JTG,rigid,0.9897,0.0238,262,165,0.9973,0.9839,../predicted_complex/rigid_targets/1JTG/1JTG_predicted.pdb,
1JWH,rigid,0.9897,0.0746,366,328,0.9928,0.9737,../predicted_complex/rigid_targets/1JWH/1JWH_predicted.pdb,
1K74,rigid,0.9897,0.0166,233,278,0.9834,0.9559,../predicted_complex/rigid_targets/1K74/1K74_predicted.pdb,
1KAC,rigid,0.9897,0.1702,185,118,0.9925,0.9604,../predicted_complex/rigid_targets/1KAC/1KAC_predicted.pdb,
1KLU,rigid,0.9897,0.1108,353,221,0.9951,0.978,../predicted_complex/rigid_targets/1KLU/1KLU_predicted.pdb,
1KTZ,rigid,0.9897,0.0297,82,103,0.9935,0.9809,../predicted_complex/rigid_targets/1KTZ/1KTZ_predicted.pdb,
1KXP,rigid,0.9897,0.0571,349,433,0.9742,0.9297,../predicted_complex/rigid_targets/1KXP/1KXP_predicted.pdb,
1M27,rigid,0.9897,0.0655,115,57,0.9944,0.9466,../predicted_complex/rigid_targets/1M27/1M27_predicted.pdb,
1MAH,rigid,0.9897,0.1065,533,61,0.9992,0.9333,../predicted_complex/rigid_targets/1MAH/1MAH_predicted.pdb,
1ML0,rigid,0.9897,0.0478,742,62,0.9983,0.8557,../predicted_complex/rigid_targets/1ML0/1ML0_predicted.pdb,
1MLC,rigid,0.9897,0.074,432,129,0.9982,0.9726,../predicted_complex/rigid_targets/1MLC/1MLC_predicted.pdb,
1OC0,rigid,0.9897,0.0339,363,36,0.9968,0.648,../predicted_complex/rigid_targets/1OC0/1OC0_predicted.pdb,
1OFU,rigid,0.9897,0.1331,238,306,0.9955,0.9876,../predicted_complex/rigid_targets/1OFU/1OFU_predicted.pdb,
1OPH,rigid,0.9897,0.0439,372,222,0.9995,0.9967,../predicted_complex/rigid_targets/1OPH/1OPH_predicted.pdb,
1OYV,rigid,0.9897,0.0397,274,103,0.9932,0.9408,../predicted_complex/rigid_targets/1OYV/1OYV_predicted.pdb,
1PPE,rigid,0.9897,0.0282,223,28,0.9994,0.8853,../predicted_complex/rigid_targets/1PPE/1PPE_predicted.pdb,
1PVH,rigid,0.9897,0.062,199,159,0.9938,0.9727,../predicted_complex/rigid_targets/1PVH/1PVH_predicted.pdb,
1QA9,rigid,0.9897,0.0406,102,95,0.9907,0.9624,../predicted_complex/rigid_targets/1QA9/1QA9_predicted.pdb,
1R0R,rigid,0.9897,0.0586,274,51,0.9986,0.9385,../predicted_complex/rigid_targets/1R0R/1R0R_predicted.pdb,
1RLB,rigid,0.9897,0.1227,456,173,0.999,0.9893,../predicted_complex/rigid_targets/1RLB/1RLB_predicted.pdb,
1RV6,rigid,0.9897,0.0386,189,92,0.9911,0.9257,../predicted_complex/rigid_targets/1RV6/1RV6_predicted.pdb,
1S1Q,rigid,0.9897,0.0806,137,69,0.989,0.9197,../predicted_complex/rigid_targets/1S1Q/1S1Q_predicted.pdb,
1S78,rigid,0.9897,0.1408,436,500,0.9959,0.988,../predicted_complex/rigid_targets/1S78/1S78_predicted.pdb,
1SBB,rigid,0.9897,0.043,238,239,0.9977,0.9918,../predicted_complex/rigid_targets/1SBB/1SBB_predicted.pdb,
1T6B,rigid,0.9897,0.0195,660,170,0.9974,0.9631,../predicted_complex/rigid_targets/1T6B/1T6B_predicted.pdb,
1TMQ,rigid,0.9897,0.0403,470,114,0.9974,0.9556,../predicted_complex/rigid_targets/1TMQ/1TMQ_predicted.pdb,
1UDI,rigid,0.9897,0.0772,227,83,0.9939,0.9315,../predicted_complex/rigid_targets/1UDI/1UDI_predicted.pdb,
1US7,rigid,0.9897,0.057,207,129,0.9693,0.8321,../predicted_complex/rigid_targets/1US7/1US7_predicted.pdb,
1VFB,rigid,0.9897,0.0581,223,129,0.9942,0.9692,../predicted_complex/rigid_targets/1VFB/1VFB_predicted.pdb,
1WDW,rigid,0.9897,0.1731,770,240,0.9989,0.9874,../predicted_complex/rigid_targets/1WDW/1WDW_predicted.pdb,
1WEJ,rigid,0.9897,0.0401,433,104,0.9996,0.9912,../predicted_complex/rigid_targets/1WEJ/1WEJ_predicted.pdb,
1XD3,rigid,0.9897,0.0203,206,70,0.9962,0.9513,../predicted_complex/rigid_targets/1XD3/1XD3_predicted.pdb,
1XU1,rigid,0.9897,0.0547,404,39,0.9895,0.4847,../predicted_complex/rigid_targets/1XU1/1XU1_predicted.pdb,
1YVB,rigid,0.9897,0.0539,241,108,0.9727,0.827,../predicted_complex/rigid_targets/1YVB/1YVB_predicted.pdb,
1Z0K,rigid,0.9897,0.0175,167,46,0.9905,0.8344,../predicted_complex/rigid_targets/1Z0K/1Z0K_predicted.pdb,
1Z5Y,rigid,0.9897,0.0314,135,116,0.989,0.9617,../predicted_complex/rigid_targets/1Z5Y/1Z5Y_predicted.pdb,
1ZHH,rigid,0.9897,0.0524,338,206,0.9971,0.9826,../predicted_complex/rigid_targets/1ZHH/1ZHH_predicted.pdb,
1ZHI,rigid,0.9897,0.0663,191,111,0.9831,0.9168,../predicted_complex/rigid_targets/1ZHI/1ZHI_predicted.pdb,
2A1A,rigid,0.9897,0.1166,253,161,0.99,0.9563,../predicted_complex/rigid_targets/2A1A/2A1A_predicted.pdb,
2A5T,rigid,0.9897,0.0476,270,275,0.9917,0.9737,../predicted_complex/rigid_targets/2A5T/2A5T_predicted.pdb,
2A9K,rigid,0.9897,0.0239,165,200,0.9852,0.9568,../predicted_complex/rigid_targets/2A9K/2A9K_predicted.pdb,
2ABZ,rigid,0.9897,0.0797,301,58,0.9887,0.7211,../predicted_complex/rigid_targets/2ABZ/2ABZ_predicted.pdb,
2AJF,rigid,0.9897,0.078,597,174,0.9889,0.9036,../predicted_complex/rigid_targets/2AJF/2AJF_predicted.pdb,
2AYO,rigid,0.9897,0.044,337,71,0.9975,0.942,../predicted_complex/rigid_targets/2AYO/2AYO_predicted.pdb,
2B42,rigid,0.9897,0.0597,352,183,0.9975,0.9815,../predicted_complex/rigid_targets/2B42/2B42_predicted.pdb,
2B4J,rigid,0.9897,0.0459,266,80,0.994,0.9001,../predicted_complex/rigid_targets/2B4J/2B4J_predicted.pdb,
2BTF,rigid,0.9897,0.0604,371,139,0.9982,0.9826,../predicted_complex/rigid_targets/2BTF/2BTF_predicted.pdb,
2FD6,rigid,0.9897,0.0831,423,247,0.9578,0.7887,../predicted_complex/rigid_targets/2FD6/2FD6_predicted.pdb,
2FJU,rigid,0.9897,0.0737,688,175,0.999,0.9812,../predicted_complex/rigid_targets/2FJU/2FJU_predicted.pdb,
2G77,rigid,0.9897,0.0194,313,161,0.9893,0.9301,../predicted_complex/rigid_targets/2G77/2G77_predicted.pdb,
2GAF,rigid,0.9897,0.0579,446,276,0.9987,0.9926,../predicted_complex/rigid_targets/2GAF/2GAF_predicted.pdb,
2GTP,rigid,0.9897,0.0173,305,132,0.9988,0.988,../predicted_complex/rigid_targets/2GTP/2GTP_predicted.pdb,
2HLE,rigid,0.9897,0.0221,185,133,0.9926,0.9628,../predicted_complex/rigid_targets/2HLE/2HLE_predicted.pdb,
2HQS,rigid,0.9897,0.0535,397,107,0.9985,0.9742,../predicted_complex/rigid_targets/2HQS/2HQS_predicted.pdb,
2I25,rigid,0.9897,0.0813,113,129,0.9932,0.9772,../predicted_complex/rigid_targets/2I25/2I25_predicted.pdb,
2J0T,rigid,0.9897,0.0381,157,124,0.9591,0.8361,../predicted_complex/rigid_targets/2J0T/2J0T_predicted.pdb,
2MTA,rigid,0.9897,0.0178,479,105,0.9991,0.9806,../predicted_complex/rigid_targets/2MTA/2MTA_predicted.pdb,
2O8V,rigid,0.9897,0.0566,215,107,0.9923,0.9519,../predicted_complex/rigid_targets/2O8V/2O8V_predicted.pdb,
2OOB,rigid,0.9897,0.0474,40,69,0.9779,0.9463,../predicted_complex/rigid_targets/2OOB/2OOB_predicted.pdb,
2OOR,rigid,0.9897,0.075,729,173,0.9915,0.8483,../predicted_complex/rigid_targets/2OOR/2OOR_predicted.pdb,
2OUL,rigid,0.9897,0.1869,236,107,0.9968,0.9726,../predicted_complex/rigid_targets/2OUL/2OUL_predicted.pdb,
2PCC,rigid,0.9897,0.0356,293,108,0.9988,0.9849,../predicted_complex/rigid_targets/2PCC/2PCC_predicted.pdb,
2SIC,rigid,0.9897,0.0317,275,107,0.9978,0.9753,../predicted_complex/rigid_targets/2SIC/2SIC_predicted.pdb,
2SNI,rigid,0.9897,0.0288,273,64,0.9991,0.9743,../predicted_complex/rigid_targets/2SNI/2SNI_predicted.pdb,
2UUY,rigid,0.9897,0.0183,223,51,0.9875,0.7464,../predicted_complex/rigid_targets/2UUY/2UUY_predicted.pdb,
2VDB,rigid,0.9897,0.0505,574,55,0.9996,0.9535,../predicted_complex/rigid_targets/2VDB/2VDB_predicted.pdb,
2VIS,rigid,0.9897,0.125,431,267,0.9957,0.982,../predicted_complex/rigid_targets/2VIS/2VIS_predicted.pdb,
2VXT,rigid,0.9897,0.0346,420,152,0.9842,0.8596,../predicted_complex/rigid_targets/2VXT/2VXT_predicted.pdb,
2W9E,rigid,0.9897,0.0954,420,99,0.9933,0.8675,../predicted_complex/rigid_targets/2W9E/2W9E_predicted.pdb,
2X9A,rigid,0.9897,0.0252,89,61,0.9943,0.9635,../predicted_complex/rigid_targets/2X9A/2X9A_predicted.pdb,
2YVJ,rigid,0.9897,0.0631,401,106,0.9986,0.972,../predicted_complex/rigid_targets/2YVJ/2YVJ_predicted.pdb,
3A4S,rigid,0.9897,0.0555,155,62,0.9851,0.857,../predicted_complex/rigid_targets/3A4S/3A4S_predicted.pdb,
3BIW,rigid,0.9897,0.0446,528,177,0.9993,0.9909,../predicted_complex/rigid_targets/3BIW/3BIW_predicted.pdb,
3BP8,rigid,0.9897,0.062,736,73,0.9997,0.9726,../predicted_complex/rigid_targets/3BP8/3BP8_predicted.pdb,
3D5S,rigid,0.9897,0.0177,292,60,0.9993,0.975,../predicted_complex/rigid_targets/3D5S/3D5S_predicted.pdb,
3EOA,rigid,0.9897,0.0228,427,178,0.9952,0.9638,../predicted_complex/rigid_targets/3EOA/3EOA_predicted.pdb,
3H2V,rigid,0.9897,0.0447,163,74,0.9867,0.8773,../predicted_complex/rigid_targets/3H2V/3H2V_predicted.pdb,
3HMX,rigid,0.9897,0.0431,429,415,0.9593,0.8784,../predicted_complex/rigid_targets/3HMX/3HMX_predicted.pdb,
3K75,rigid,0.9897,0.0773,242,151,0.9953,0.9751,../predicted_complex/rigid_targets/3K75/3K75_predicted.pdb,
3LVK,rigid,0.9897,0.0447,774,76,0.9986,0.8728,../predicted_complex/rigid_targets/3LVK/3LVK_predicted.pdb,
3MJ9,rigid,0.9897,0.0736,418,227,0.9899,0.9408,../predicted_complex/rigid_targets/3MJ9/3MJ9_predicted.pdb,
3MXW,rigid,0.9897,0.0692,432,150,0.9992,0.9905,../predicted_complex/rigid_targets/3MXW/3MXW_predicted.pdb,
3P57,rigid,0.9897,0.0575,180,102,0.972,0.84,../predicted_complex/rigid_targets/3P57/3P57_predicted.pdb,
3PC8,rigid,0.9897,0.0525,94,76,0.9811,0.9145,../predicted_complex/rigid_targets/3PC8/3PC8_predicted.pdb,
3RVW,rigid,0.9897,0.0502,429,219,0.9984,0.9899,../predicted_complex/rigid_targets/3RVW/3RVW_predicted.pdb,
3SE8,rigid,0.9897,0.0292,434,341,0.9984,0.9931,../predicted_complex/rigid_targets/3SE8/3SE8_predicted.pdb,
3SGQ,rigid,0.9897,0.0369,185,50,0.9983,0.956,../predicted_complex/rigid_targets/3SGQ/3SGQ_predicted.pdb,
3U7Y,rigid,0.9897,0.0271,429,338,0.9966,0.9851,../predicted_complex/rigid_targets/3U7Y/3U7Y_predicted.pdb,
3VLB,rigid,0.9897,0.0457,404,218,0.9978,0.9861,../predicted_complex/rigid_targets/3VLB/3VLB_predicted.pdb,
3WD5,rigid,0.9897,0.0252,421,450,0.9935,0.9798,../predicted_complex/rigid_targets/3WD5/3WD5_predicted.pdb,
4CPA,rigid,0.9897,0.0563,307,36,0.9964,0.7123,../predicted_complex/rigid_targets/4CPA/4CPA_predicted.pdb,
4DN4,rigid,0.9897,0.0765,424,61,0.9974,0.9181,../predicted_complex/rigid_targets/4DN4/4DN4_predicted.pdb,
4FP8,rigid,0.9897,0.1927,445,267,0.9971,0.99,../predicted_complex/rigid_targets/4FP8/4FP8_predicted.pdb,
4FQI,rigid,0.9897,0.085,425,1491,0.5776,0.4087,../predicted_complex/rigid_targets/4FQI/4FQI_predicted.pdb,
4G6J,rigid,0.9897,0.0243,430,149,0.9983,0.9791,../predicted_complex/rigid_targets/4G6J/4G6J_predicted.pdb,
4G6M,rigid,0.9897,0.0283,432,149,0.9984,0.9813,../predicted_complex/rigid_targets/4G6M/4G6M_predicted.pdb,
4GXU,rigid,0.9897,0.1909,440,1446,0.5801,0.4066,../predicted_complex/rigid_targets/4GXU/4GXU_predicted.pdb,
4H03,rigid,0.9897,0.0751,411,357,0.9958,0.9842,../predicted_complex/rigid_targets/4H03/4H03_predicted.pdb,
4HX3,rigid,0.9897,0.0739,222,131,0.9983,0.9888,../predicted_complex/rigid_targets/4HX3/4HX3_predicted.pdb,
4M5Z,rigid,0.9897,0.0575,428,205,0.9975,0.9817,../predicted_complex/rigid_targets/4M5Z/4M5Z_predicted.pdb,
4M76,rigid,0.9897,0.084,293,179,0.9971,0.9826,../predicted_complex/rigid_targets/4M76/4M76_predicted.pdb,
4Y7M,rigid,0.9897,0.043,129,235,0.9901,0.9791,../predicted_complex/rigid_targets/4Y7M/4Y7M_predicted.pdb,
5GRJ,rigid,0.9897,0.1271,226,209,0.9254,0.7518,../predicted_complex/rigid_targets/5GRJ/5GRJ_predicted.pdb,
5JMO,rigid,0.9897,0.0368,117,470,0.9963,0.9946,../predicted_complex/rigid_targets/5JMO/5JMO_predicted.pdb,
5O14,rigid,0.9897,0.0894,222,229,0.9965,0.9879,../predicted_complex/rigid_targets/5O14/5O14_predicted.pdb,
5O1R,rigid,0.9897,0.0362,435,114,0.9899,0.8723,../predicted_complex/rigid_targets/5O1R/5O1R_predicted.pdb,
5SV3,rigid,0.9897,0.0834,125,166,0.9867,0.9654,../predicted_complex/rigid_targets/5SV3/5SV3_predicted.pdb,
5WK3,rigid,0.9897,0.0849,431,59,0.9994,0.9561,../predicted_complex/rigid_targets/5WK3/5WK3_predicted.pdb,
5WUX,rigid,0.9897,0.07,425,415,0.6166,0.2211,../predicted_complex/rigid_targets/5WUX/5WUX_predicted.pdb,
5X0T,rigid,0.9897,0.1976,428,78,0.9939,0.8463,../predicted_complex/rigid_targets/5X0T/5X0T_predicted.pdb,
5Y9J,rigid,0.9897,0.0718,425,432,0.9953,0.9852,../predicted_complex/rigid_targets/5Y9J/5Y9J_predicted.pdb,
6A77,rigid,0.9897,0.0642,425,89,0.9967,0.9251,../predicted_complex/rigid_targets/6A77/6A77_predicted.pdb,
6B0S,rigid,0.9897,0.0696,426,65,0.9964,0.8673,../predicted_complex/rigid_targets/6B0S/6B0S_predicted.pdb,
6BPC,rigid,0.9897,0.0707,420,286,0.9977,0.9883,../predicted_complex/rigid_targets/6BPC/6BPC_predicted.pdb,
6CWG,rigid,0.9897,0.0672,127,257,0.9971,0.9939,../predicted_complex/rigid_targets/6CWG/6CWG_predicted.pdb,
6DBG,rigid,0.9897,0.1077,118,286,0.987,0.9759,../predicted_complex/rigid_targets/6DBG/6DBG_predicted.pdb,
6OC3,rigid,0.9897,0.0428,434,211,0.9973,0.9799,../predicted_complex/rigid_targets/6OC3/6OC3_predicted.pdb,
7CEI,rigid,0.9897,0.0229,87,127,0.9735,0.9399,../predicted_complex/rigid_targets/7CEI/7CEI_predicted.pdb,
1B6C,medium,0.9897,0.0586,107,326,0.9677,0.9489,../predicted_complex/medium_targets/1B6C/1B6C_predicted.pdb,
1CGI,medium,0.9897,0.045,245,56,0.9901,0.8284,../predicted_complex/medium_targets/1CGI/1CGI_predicted.pdb,
1FC2,medium,0.9897,0.0304,43,206,0.9852,0.9788,../predicted_complex/medium_targets/1FC2/1FC2_predicted.pdb,
1GP2,medium,0.9897,0.0594,310,393,0.9817,0.9567,../predicted_complex/medium_targets/1GP2/1GP2_predicted.pdb,
1GRN,medium,0.9897,0.0506,188,185,0.9962,0.9859,../predicted_complex/medium_targets/1GRN/1GRN_predicted.pdb,
1HE8,medium,0.9897,0.0696,728,165,0.9993,0.9842,../predicted_complex/medium_targets/1HE8/1HE8_predicted.pdb,
1I2M,medium,0.9897,0.0345,164,386,0.9908,0.9837,../predicted_complex/medium_targets/1I2M/1I2M_predicted.pdb,
1IB1,medium,0.9897,0.0962,449,163,0.9986,0.9843,../predicted_complex/medium_targets/1IB1/1IB1_predicted.pdb,
1IJK,medium,0.9897,0.0197,248,198,0.9985,0.9933,../predicted_complex/medium_targets/1IJK/1IJK_predicted.pdb,
1JIW,medium,0.9897,0.0504,470,98,0.996,0.908,../predicted_complex/medium_targets/1JIW/1JIW_predicted.pdb,
1K5D,medium,0.9897,0.0346,338,342,0.9964,0.988,../predicted_complex/medium_targets/1K5D/1K5D_predicted.pdb,
1KKL,medium,0.9897,0.0614,470,86,0.9995,0.9801,../predicted_complex/medium_targets/1KKL/1KKL_predicted.pdb,
1LFD,medium,0.9897,0.0927,166,87,0.9821,0.8783,../predicted_complex/medium_targets/1LFD/1LFD_predicted.pdb,
1M10,medium,0.9897,0.0955,198,265,0.9866,0.9681,../predicted_complex/medium_targets/1M10/1M10_predicted.pdb,
1MQ8,medium,0.9897,0.0264,184,171,0.9537,0.8503,../predicted_complex/medium_targets/1MQ8/1MQ8_predicted.pdb,
1N2C,medium,0.9897,0.0847,1979,548,0.9855,0.8217,../predicted_complex/medium_targets/1N2C/1N2C_predicted.pdb,
1NW9,medium,0.9897,0.0675,232,91,0.9975,0.9696,../predicted_complex/medium_targets/1NW9/1NW9_predicted.pdb,
1R6Q,medium,0.9897,0.0676,142,87,0.9808,0.8833,../predicted_complex/medium_targets/1R6Q/1R6Q_predicted.pdb,
1SYX,medium,0.9897,0.0241,129,62,0.9819,0.849,../predicted_complex/medium_targets/1SYX/1SYX_predicted.pdb,
1WQ1,medium,0.9897,0.031,320,166,0.9947,0.9661,../predicted_complex/medium_targets/1WQ1/1WQ1_predicted.pdb,
1XQS,medium,0.9897,0.0365,256,165,0.9969,0.9824,../predicted_complex/medium_targets/1XQS/1XQS_predicted.pdb,
1ZM4,medium,0.9897,0.0869,822,204,0.9987,0.978,../predicted_complex/medium_targets/1ZM4/1ZM4_predicted.pdb,
2CFH,medium,0.9897,0.0373,156,136,0.9283,0.7688,../predicted_complex/medium_targets/2CFH/2CFH_predicted.pdb,
2DD8,medium,0.9897,0.0749,429,182,0.9819,0.8958,../predicted_complex/medium_targets/2DD8/2DD8_predicted.pdb,
2H7V,medium,0.9897,0.0365,262,177,0.9903,0.9536,../predicted_complex/medium_targets/2H7V/2H7V_predicted.pdb,
2HRK,medium,0.9897,0.0265,177,103,0.9723,0.9553,../predicted_complex/medium_targets/2HRK/2HRK_predicted.pdb,
2NZ8,medium,0.9897,0.0375,279,175,0.9823,0.9154,../predicted_complex/medium_targets/2NZ8/2NZ8_predicted.pdb,
2OZA,medium,0.9897,0.0411,326,276,0.9874,0.9559,../predicted_complex/medium_targets/2OZA/2OZA_predicted.pdb,
2Z0E,medium,0.9897,0.0855,307,114,0.9809,0.8316,../predicted_complex/medium_targets/2Z0E/2Z0E_predicted.pdb,
3AAA,medium,0.9897,0.0373,510,116,0.9892,0.8142,../predicted_complex/medium_targets/3AAA/3AAA_predicted.pdb,
3AAD,medium,0.9897,0.0596,255,153,0.9884,0.9308,../predicted_complex/medium_targets/3AAD/3AAD_predicted.pdb,
3BX7,medium,0.9897,0.0451,166,120,0.9791,0.9053,../predicted_complex/medium_targets/3BX7/3BX7_predicted.pdb,
3CPH,medium,0.9897,0.0524,437,160,0.9908,0.9221,../predicted_complex/medium_targets/3CPH/3CPH_predicted.pdb,
3DAW,medium,0.9897,0.0312,363,140,0.9902,0.9027,../predicted_complex/medium_targets/3DAW/3DAW_predicted.pdb,
3EO1,medium,0.9897,0.0945,430,224,0.9909,0.9419,../predicted_complex/medium_targets/3EO1/3EO1_predicted.pdb,
3G6D,medium,0.9897,0.0436,432,106,0.9874,0.8167,../predicted_complex/medium_targets/3G6D/3G6D_predicted.pdb,
3HI6,medium,0.9897,0.1073,425,178,0.9877,0.9113,../predicted_complex/medium_targets/3HI6/3HI6_predicted.pdb,
3L5W,medium,0.9897,0.0358,429,101,0.9911,0.8523,../predicted_complex/medium_targets/3L5W/3L5W_predicted.pdb,
3R9A,medium,0.9897,0.0491,766,288,0.985,0.8642,../predicted_complex/medium_targets/3R9A/3R9A_predicted.pdb,
3RJQ,medium,0.9897,0.0338,127,290,0.9909,0.9824,../predicted_complex/medium_targets/3RJQ/3RJQ_predicted.pdb,
3S9D,medium,0.9897,0.0542,180,123,0.9892,0.9424,../predicted_complex/medium_targets/3S9D/3S9D_predicted.pdb,
3SZK,medium,0.9897,0.05,261,141,0.9782,0.872,../predicted_complex/medium_targets/3SZK/3SZK_predicted.pdb,
3V6Z,medium,0.9897,0.0901,437,141,0.9713,0.7535,../predicted_complex/medium_targets/3V6Z/3V6Z_predicted.pdb,
4ETQ,medium,0.9897,0.0537,423,224,0.9978,0.9856,../predicted_complex/medium_targets/4ETQ/4ETQ_predicted.pdb,
4FZA,medium,0.9897,0.0488,302,270,0.9753,0.9174,../predicted_complex/medium_targets/4FZA/4FZA_predicted.pdb,
4IZ7,medium,0.9897,0.0226,343,89,0.992,0.863,../predicted_complex/medium_targets/4IZ7/4IZ7_predicted.pdb,
4JCV,medium,0.9897,0.084,771,214,0.9963,0.945,../predicted_complex/medium_targets/4JCV/4JCV_predicted.pdb,
4LW4,medium,0.9897,0.0319,790,144,0.9925,0.8446,../predicted_complex/medium_targets/4LW4/4LW4_predicted.pdb,
4M3K,medium,0.9897,0.0392,115,256,0.9963,0.9928,../predicted_complex/medium_targets/4M3K/4M3K_predicted.pdb,
4POU,medium,0.9897,0.0559,120,120,0.9849,0.9465,../predicted_complex/medium_targets/4POU/4POU_predicted.pdb,
5CBA,medium,0.9897,0.0276,238,61,0.9908,0.834,../predicted_complex/medium_targets/5CBA/5CBA_predicted.pdb,
5E5M,medium,0.9897,0.0283,111,115,0.9826,0.9439,../predicted_complex/medium_targets/5E5M/5E5M_predicted.pdb,
5HGG,medium,0.9897,0.2117,125,246,0.9947,0.989,../predicted_complex/medium_targets/5HGG/5HGG_predicted.pdb,
5HYS,medium,0.9897,0.0979,436,425,0.9943,0.9798,../predicted_complex/medium_targets/5HYS/5HYS_predicted.pdb,
5KOV,medium,0.9897,0.1517,223,434,0.9919,0.9843,../predicted_complex/medium_targets/5KOV/5KOV_predicted.pdb,
5VNW,medium,0.9897,0.0388,120,578,0.8634,0.8154,../predicted_complex/medium_targets/5VNW/5VNW_predicted.pdb,
5WHK,medium,0.9897,0.0356,422,349,0.9913,0.9667,../predicted_complex/medium_targets/5WHK/5WHK_predicted.pdb,
6A0Z,medium,0.9897,0.0399,435,268,0.9918,0.9554,../predicted_complex/medium_targets/6A0Z/6A0Z_predicted.pdb,
6AL0,medium,0.9897,0.0558,418,183,0.9413,0.6243,../predicted_complex/medium_targets/6AL0/6AL0_predicted.pdb,
6EY6,medium,0.9897,0.0449,128,400,0.8725,0.8027,../predicted_complex/medium_targets/6EY6/6EY6_predicted.pdb,
1ACB,difficult,0.9897,0.0178,241,63,0.9912,0.8473,../predicted_complex/difficult_targets/1ACB/1ACB_predicted.pdb,
1ATN,difficult,0.9897,0.1451,369,258,0.9991,0.9955,../predicted_complex/difficult_targets/1ATN/1ATN_predicted.pdb,
1BKD,difficult,0.9897,0.0965,437,166,0.9776,0.8335,../predicted_complex/difficult_targets/1BKD/1BKD_predicted.pdb,
1DE4,difficult,0.9897,0.2206,371,1266,0.988,0.9816,../predicted_complex/difficult_targets/1DE4/1DE4_predicted.pdb,
1E4K,difficult,0.9897,0.0683,405,171,0.9892,0.9076,../predicted_complex/difficult_targets/1E4K/1E4K_predicted.pdb,
1EER,difficult,0.9897,0.0725,164,409,0.4156,0.455,../predicted_complex/difficult_targets/1EER/1EER_predicted.pdb,
1F6M,difficult,0.9897,0.0358,315,106,0.9967,0.9562,../predicted_complex/difficult_targets/1F6M/1F6M_predicted.pdb,
1FAK,difficult,0.9897,0.0407,344,175,0.9938,0.9602,../predicted_complex/difficult_targets/1FAK/1FAK_predicted.pdb,
1FQ1,difficult,0.9897,0.0499,178,287,0.9478,0.8899,../predicted_complex/difficult_targets/1FQ1/1FQ1_predicted.pdb,
1H1V,difficult,0.9897,0.0583,367,327,0.7454,0.3704,../predicted_complex/difficult_targets/1H1V/1H1V_predicted.pdb,
1IBR,difficult,0.9897,0.0356,167,435,0.9332,0.8852,../predicted_complex/difficult_targets/1IBR/1IBR_predicted.pdb,
1IRA,difficult,0.9897,0.0463,309,144,0.9978,0.9816,../predicted_complex/difficult_targets/1IRA/1IRA_predicted.pdb,
1JK9,difficult,0.9897,0.0956,218,152,0.9955,0.9783,../predicted_complex/difficult_targets/1JK9/1JK9_predicted.pdb,
1JMO,difficult,0.9897,0.114,386,277,0.9982,0.9924,../predicted_complex/difficult_targets/1JMO/1JMO_predicted.pdb,
1JZD,difficult,0.9897,0.0502,429,115,0.9967,0.9463,../predicted_complex/difficult_targets/1JZD/1JZD_predicted.pdb,
1PXV,difficult,0.9897,0.0535,170,111,0.9931,0.9621,../predicted_complex/difficult_targets/1PXV/1PXV_predicted.pdb,
1R8S,difficult,0.9897,0.026,160,181,0.9822,0.9438,../predicted_complex/difficult_targets/1R8S/1R8S_predicted.pdb,
1RKE,difficult,0.9897,0.0296,259,157,0.9909,0.9571,../predicted_complex/difficult_targets/1RKE/1RKE_predicted.pdb,
1Y64,difficult,0.9897,0.1601,411,355,0.9951,0.9812,../predicted_complex/difficult_targets/1Y64/1Y64_predicted.pdb,
1ZLI,difficult,0.9897,0.0253,304,74,0.9606,0.4885,../predicted_complex/difficult_targets/1ZLI/1ZLI_predicted.pdb,
2C0L,difficult,0.9897,0.0821,283,122,0.9678,0.7957,../predicted_complex/difficult_targets/2C0L/2C0L_predicted.pdb,
2FJG,difficult,0.9897,0.0788,429,188,0.9945,0.9542,../predicted_complex/difficult_targets/2FJG/2FJG_predicted.pdb,
2I9B,difficult,0.9897,0.0656,255,122,0.9788,0.8459,../predicted_complex/difficult_targets/2I9B/2I9B_predicted.pdb,
2IDO,difficult,0.9897,0.0369,172,66,0.9265,0.4213,../predicted_complex/difficult_targets/2IDO/2IDO_predicted.pdb,
2J7P,difficult,0.9897,0.0376,292,256,0.9697,0.8891,../predicted_complex/difficult_targets/2J7P/2J7P_predicted.pdb,
2O3B,difficult,0.9897,0.0438,239,135,0.9085,0.5688,../predicted_complex/difficult_targets/2O3B/2O3B_predicted.pdb,
2OT3,difficult,0.9897,0.0222,240,156,0.97,0.871,../predicted_complex/difficult_targets/2OT3/2OT3_predicted.pdb,
3AAD,difficult,0.9897,0.0596,255,153,0.9884,0.9308,../predicted_complex/difficult_targets/3AAD/3AAD_predicted.pdb,
3F1P,difficult,0.9897,0.0941,110,110,0.9546,0.8417,../predicted_complex/difficult_targets/3F1P/3F1P_predicted.pdb,
3FN1,difficult,0.9897,0.0404,160,90,0.9268,0.5873,../predicted_complex/difficult_targets/3FN1/3FN1_predicted.pdb,
3H11,difficult,0.9897,0.0381,227,207,0.9901,0.9687,../predicted_complex/difficult_targets/3H11/3H11_predicted.pdb,
3L89,difficult,0.9897,0.018,544,126,0.9667,0.5494,../predicted_complex/difficult_targets/3L89/3L89_predicted.pdb,
4DW2,difficult,0.9897,0.0506,424,221,0.9862,0.9233,../predicted_complex/difficult_targets/4DW2/4DW2_predicted.pdb,
4GAM,difficult,0.9897,0.0962,2120,132,0.9886,0.3848,../predicted_complex/difficult_targets/4GAM/4GAM_predicted.pdb,
5C7X,difficult,0.9897,0.0544,418,115,0.9937,0.9283,../predicted_complex/difficult_targets/5C7X/5C7X_predicted.pdb,
